EmployeeKey,AttritionProbability,RiskBand,RecommendedAction
100001,0.2389,Low,Career path / promotion review
100002,0.0904,Low,Career path / promotion review
100003,0.0617,Low,Career path / promotion review
100004,0.1252,Low,Career path / promotion review
100005,0.4308,Medium,Manager check-in + workload review
100006,0.14,Low,Career path / promotion review
100007,0.0907,Low,Career path / promotion review
100008,0.2835,Low,Flexible or hybrid work option
100009,0.1114,Low,Retention conversation / stay interview
100010,0.132,Low,Flexible or hybrid work option
100011,0.0788,Low,Retention conversation / stay interview
100012,0.0982,Low,Career path / promotion review
100013,0.3134,Low,Flexible or hybrid work option
100014,0.1661,Low,Flexible or hybrid work option
100015,0.2451,Low,Flexible or hybrid work option
100016,0.0657,Low,Flexible or hybrid work option
100017,0.1525,Low,Retention conversation / stay interview
100018,0.3654,Low,Flexible or hybrid work option
100019,0.1883,Low,Flexible or hybrid work option
100020,0.152,Low,Flexible or hybrid work option
100021,0.0951,Low,Retention conversation / stay interview
100022,0.2278,Low,Career path / promotion review
100023,0.27,Low,Manager check-in + workload review
100024,0.3933,Low,Manager check-in + workload review
100025,0.1117,Low,Flexible or hybrid work option
100026,0.2881,Low,Career path / promotion review
100027,0.1325,Low,Career path / promotion review
100028,0.4598,Medium,Career path / promotion review
100029,0.2388,Low,Flexible or hybrid work option
100030,0.2153,Low,Career path / promotion review
100031,0.1923,Low,Career path / promotion review
100032,0.1201,Low,Career path / promotion review
100033,0.1802,Low,Career path / promotion review
100034,0.1241,Low,Career path / promotion review
100035,0.052,Low,Career path / promotion review
100036,0.0757,Low,Flexible or hybrid work option
100037,0.1999,Low,Retention conversation / stay interview
100038,0.2939,Low,Career path / promotion review
100039,0.5363,Medium,Manager check-in + workload review
100040,0.2298,Low,Career path / promotion review
100041,0.133,Low,Flexible or hybrid work option
100042,0.1825,Low,Flexible or hybrid work option
100043,0.26,Low,Career path / promotion review
100044,0.3274,Low,Manager check-in + workload review
100045,0.251,Low,Flexible or hybrid work option
100046,0.1568,Low,Career path / promotion review
100047,0.2828,Low,Flexible or hybrid work option
100048,0.2373,Low,Manager check-in + workload review
100049,0.0863,Low,Career path / promotion review
100050,0.0935,Low,Career path / promotion review
100051,0.1203,Low,Career path / promotion review
100052,0.1942,Low,Retention conversation / stay interview
100053,0.1668,Low,Flexible or hybrid work option
100054,0.4284,Medium,Manager check-in + workload review
100055,0.0494,Low,Retention conversation / stay interview
100056,0.1532,Low,Career path / promotion review
100057,0.0697,Low,Flexible or hybrid work option
100058,0.0796,Low,Flexible or hybrid work option
100059,0.1359,Low,Flexible or hybrid work option
100060,0.2412,Low,Career path / promotion review
100061,0.0566,Low,Retention conversation / stay interview
100062,0.0769,Low,Career path / promotion review
100063,0.2322,Low,Compensation benchmarking review
100064,0.2427,Low,Compensation benchmarking review
100065,0.0932,Low,Retention conversation / stay interview
100066,0.1282,Low,Flexible or hybrid work option
100067,0.3072,Low,Career path / promotion review
100068,0.0942,Low,Retention conversation / stay interview
100069,0.2609,Low,Career path / promotion review
100070,0.0982,Low,Retention conversation / stay interview
100071,0.1193,Low,Career path / promotion review
100072,0.3701,Low,Flexible or hybrid work option
100073,0.1257,Low,Career path / promotion review
100074,0.1495,Low,Career path / promotion review
100075,0.217,Low,Career path / promotion review
100076,0.237,Low,Flexible or hybrid work option
100077,0.2229,Low,Career path / promotion review
100078,0.1471,Low,Flexible or hybrid work option
100079,0.0454,Low,Retention conversation / stay interview
100080,0.1843,Low,Career path / promotion review
100081,0.4358,Medium,Career path / promotion review
100082,0.2055,Low,Flexible or hybrid work option
100083,0.0991,Low,Career path / promotion review
100084,0.3515,Low,Flexible or hybrid work option
100085,0.139,Low,Career path / promotion review
100086,0.0867,Low,Career path / promotion review
100087,0.2192,Low,Flexible or hybrid work option
100088,0.1945,Low,Career path / promotion review
100089,0.5928,Medium,Manager check-in + workload review
100090,0.134,Low,Retention conversation / stay interview
100091,0.0738,Low,Career path / promotion review
100092,0.2981,Low,Flexible or hybrid work option
100093,0.2546,Low,Career path / promotion review
100094,0.2474,Low,Retention conversation / stay interview
100095,0.2417,Low,Career path / promotion review
100096,0.2855,Low,Career path / promotion review
100097,0.1983,Low,Career path / promotion review
100098,0.2806,Low,Flexible or hybrid work option
100099,0.0546,Low,Retention conversation / stay interview
100100,0.1383,Low,Career path / promotion review
100101,0.1493,Low,Career path / promotion review
100102,0.408,Medium,Flexible or hybrid work option
100103,0.3099,Low,Career path / promotion review
100104,0.363,Low,Manager check-in + workload review
100105,0.1343,Low,Flexible or hybrid work option
100106,0.1276,Low,Flexible or hybrid work option
100107,0.1444,Low,Flexible or hybrid work option
100108,0.3353,Low,Career path / promotion review
100109,0.1136,Low,Retention conversation / stay interview
100110,0.0849,Low,Career path / promotion review
100111,0.4545,Medium,Manager check-in + workload review
100112,0.3114,Low,Career path / promotion review
100113,0.0851,Low,Flexible or hybrid work option
100114,0.0551,Low,Retention conversation / stay interview
100115,0.0365,Low,Retention conversation / stay interview
100116,0.141,Low,Flexible or hybrid work option
100117,0.0681,Low,Retention conversation / stay interview
100118,0.0627,Low,Flexible or hybrid work option
100119,0.1132,Low,Flexible or hybrid work option
100120,0.1049,Low,Flexible or hybrid work option
100121,0.1338,Low,Flexible or hybrid work option
100122,0.1607,Low,Retention conversation / stay interview
100123,0.2692,Low,Career path / promotion review
100124,0.1654,Low,Retention conversation / stay interview
100125,0.0709,Low,Retention conversation / stay interview
100126,0.2666,Low,Career path / promotion review
100127,0.1565,Low,Retention conversation / stay interview
100128,0.4878,Medium,Manager check-in + workload review
100129,0.3519,Low,Career path / promotion review
100130,0.14,Low,Flexible or hybrid work option
100131,0.2873,Low,Flexible or hybrid work option
100132,0.1544,Low,Flexible or hybrid work option
100133,0.2854,Low,Career path / promotion review
100134,0.2726,Low,Career path / promotion review
100135,0.1228,Low,Career path / promotion review
100136,0.5606,Medium,Manager check-in + workload review
100137,0.3187,Low,Manager check-in + workload review
100138,0.3058,Low,Flexible or hybrid work option
100139,0.03,Low,Retention conversation / stay interview
100140,0.0968,Low,Retention conversation / stay interview
100141,0.1383,Low,Career path / promotion review
100142,0.2029,Low,Career path / promotion review
100143,0.0382,Low,Retention conversation / stay interview
100144,0.1459,Low,Compensation benchmarking review
100145,0.1835,Low,Retention conversation / stay interview
100146,0.2935,Low,Manager check-in + workload review
100147,0.2125,Low,Career path / promotion review
100148,0.1022,Low,Retention conversation / stay interview
100149,0.5123,Medium,Manager check-in + workload review
100150,0.1407,Low,Career path / promotion review
100151,0.1433,Low,Flexible or hybrid work option
100152,0.3008,Low,Career path / promotion review
100153,0.2371,Low,Career path / promotion review
100154,0.0448,Low,Career path / promotion review
100155,0.1036,Low,Flexible or hybrid work option
100156,0.1823,Low,Retention conversation / stay interview
100157,0.4024,Medium,Manager check-in + workload review
100158,0.0952,Low,Career path / promotion review
100159,0.4082,Medium,Manager check-in + workload review
100160,0.2625,Low,Career path / promotion review
100161,0.1698,Low,Flexible or hybrid work option
100162,0.3162,Low,Career path / promotion review
100163,0.1834,Low,Flexible or hybrid work option
100164,0.1405,Low,Compensation benchmarking review
100165,0.0737,Low,Career path / promotion review
100166,0.1606,Low,Retention conversation / stay interview
100167,0.08,Low,Career path / promotion review
100168,0.1841,Low,Retention conversation / stay interview
100169,0.4353,Medium,Career path / promotion review
100170,0.1558,Low,Career path / promotion review
100171,0.1101,Low,Compensation benchmarking review
100172,0.048,Low,Retention conversation / stay interview
100173,0.224,Low,Flexible or hybrid work option
100174,0.3444,Low,Flexible or hybrid work option
100175,0.0889,Low,Retention conversation / stay interview
100176,0.1676,Low,Retention conversation / stay interview
100177,0.2921,Low,Manager check-in + workload review
100178,0.2315,Low,Flexible or hybrid work option
100179,0.0997,Low,Career path / promotion review
100180,0.1933,Low,Career path / promotion review
100181,0.1172,Low,Retention conversation / stay interview
100182,0.1622,Low,Career path / promotion review
100183,0.2825,Low,Career path / promotion review
100184,0.1644,Low,Flexible or hybrid work option
100185,0.2024,Low,Manager check-in + workload review
100186,0.2585,Low,Manager check-in + workload review
100187,0.3124,Low,Career path / promotion review
100188,0.1594,Low,Flexible or hybrid work option
100189,0.372,Low,Career path / promotion review
100190,0.2674,Low,Career path / promotion review
100191,0.1756,Low,Career path / promotion review
100192,0.1988,Low,Career path / promotion review
100193,0.2147,Low,Flexible or hybrid work option
100194,0.4236,Medium,Manager check-in + workload review
100195,0.2218,Low,Flexible or hybrid work option
100196,0.3441,Low,Career path / promotion review
100197,0.3893,Low,Manager check-in + workload review
100198,0.3662,Low,Career path / promotion review
100199,0.3257,Low,Manager check-in + workload review
100200,0.3645,Low,Manager check-in + workload review
100201,0.105,Low,Career path / promotion review
100202,0.2497,Low,Career path / promotion review
100203,0.0904,Low,Retention conversation / stay interview
100204,0.4383,Medium,Manager check-in + workload review
100205,0.2658,Low,Compensation benchmarking review
100206,0.124,Low,Career path / promotion review
100207,0.3202,Low,Manager check-in + workload review
100208,0.1325,Low,Career path / promotion review
100209,0.5714,Medium,Manager check-in + workload review
100210,0.114,Low,Retention conversation / stay interview
100211,0.1717,Low,Retention conversation / stay interview
100212,0.1272,Low,Flexible or hybrid work option
100213,0.0732,Low,Retention conversation / stay interview
100214,0.1703,Low,Career path / promotion review
100215,0.037,Low,Compensation benchmarking review
100216,0.2104,Low,Career path / promotion review
100217,0.0986,Low,Retention conversation / stay interview
100218,0.0804,Low,Flexible or hybrid work option
100219,0.1119,Low,Career path / promotion review
100220,0.1439,Low,Compensation benchmarking review
100221,0.3318,Low,Flexible or hybrid work option
100222,0.3072,Low,Career path / promotion review
100223,0.1896,Low,Career path / promotion review
100224,0.1792,Low,Flexible or hybrid work option
100225,0.4206,Medium,Manager check-in + workload review
100226,0.1639,Low,Compensation benchmarking review
100227,0.3491,Low,Career path / promotion review
100228,0.0484,Low,Career path / promotion review
100229,0.2698,Low,Flexible or hybrid work option
100230,0.1912,Low,Career path / promotion review
100231,0.1462,Low,Retention conversation / stay interview
100232,0.0844,Low,Retention conversation / stay interview
100233,0.2027,Low,Flexible or hybrid work option
100234,0.3173,Low,Flexible or hybrid work option
100235,0.2266,Low,Career path / promotion review
100236,0.2655,Low,Flexible or hybrid work option
100237,0.1,Low,Flexible or hybrid work option
100238,0.0867,Low,Retention conversation / stay interview
100239,0.2347,Low,Career path / promotion review
100240,0.1127,Low,Compensation benchmarking review
100241,0.2564,Low,Career path / promotion review
100242,0.2964,Low,Career path / promotion review
100243,0.26,Low,Career path / promotion review
100244,0.1679,Low,Flexible or hybrid work option
100245,0.1363,Low,Career path / promotion review
100246,0.3881,Low,Manager check-in + workload review
100247,0.2835,Low,Career path / promotion review
100248,0.2733,Low,Career path / promotion review
100249,0.0656,Low,Career path / promotion review
100250,0.1436,Low,Career path / promotion review
100251,0.2095,Low,Career path / promotion review
100252,0.542,Medium,Manager check-in + workload review
100253,0.0783,Low,Flexible or hybrid work option
100254,0.2251,Low,Career path / promotion review
100255,0.2585,Low,Flexible or hybrid work option
100256,0.2158,Low,Career path / promotion review
100257,0.0904,Low,Retention conversation / stay interview
100258,0.2949,Low,Career path / promotion review
100259,0.2048,Low,Career path / promotion review
100260,0.0724,Low,Retention conversation / stay interview
100261,0.3423,Low,Career path / promotion review
100262,0.1362,Low,Retention conversation / stay interview
100263,0.0928,Low,Career path / promotion review
100264,0.1839,Low,Career path / promotion review
100265,0.1291,Low,Career path / promotion review
100266,0.3007,Low,Flexible or hybrid work option
100267,0.0659,Low,Retention conversation / stay interview
100268,0.4599,Medium,Manager check-in + workload review
100269,0.113,Low,Retention conversation / stay interview
100270,0.1951,Low,Career path / promotion review
100271,0.1428,Low,Flexible or hybrid work option
100272,0.107,Low,Flexible or hybrid work option
100273,0.0788,Low,Retention conversation / stay interview
100274,0.2355,Low,Flexible or hybrid work option
100275,0.326,Low,Career path / promotion review
100276,0.1031,Low,Flexible or hybrid work option
100277,0.1348,Low,Career path / promotion review
100278,0.0875,Low,Retention conversation / stay interview
100279,0.2082,Low,Career path / promotion review
100280,0.2332,Low,Flexible or hybrid work option
100281,0.2361,Low,Retention conversation / stay interview
100282,0.2413,Low,Career path / promotion review
100283,0.1295,Low,Career path / promotion review
100284,0.4588,Medium,Manager check-in + workload review
100285,0.1419,Low,Flexible or hybrid work option
100286,0.2176,Low,Flexible or hybrid work option
100287,0.2687,Low,Flexible or hybrid work option
100288,0.1934,Low,Retention conversation / stay interview
100289,0.2429,Low,Manager check-in + workload review
100290,0.5903,Medium,Manager check-in + workload review
100291,0.1214,Low,Compensation benchmarking review
100292,0.1557,Low,Career path / promotion review
100293,0.1912,Low,Retention conversation / stay interview
100294,0.0951,Low,Career path / promotion review
100295,0.623,Medium,Manager check-in + workload review
100296,0.2468,Low,Career path / promotion review
100297,0.0932,Low,Retention conversation / stay interview
100298,0.0551,Low,Career path / promotion review
100299,0.2657,Low,Career path / promotion review
100300,0.1084,Low,Retention conversation / stay interview
100301,0.1978,Low,Flexible or hybrid work option
100302,0.2625,Low,Career path / promotion review
100303,0.1995,Low,Flexible or hybrid work option
100304,0.2542,Low,Career path / promotion review
100305,0.3955,Low,Manager check-in + workload review
100306,0.3886,Low,Manager check-in + workload review
100307,0.0924,Low,Retention conversation / stay interview
100308,0.1504,Low,Career path / promotion review
100309,0.1088,Low,Flexible or hybrid work option
100310,0.2076,Low,Compensation benchmarking review
100311,0.3526,Low,Career path / promotion review
100312,0.3378,Low,Career path / promotion review
100313,0.4151,Medium,Career path / promotion review
100314,0.2711,Low,Career path / promotion review
100315,0.1071,Low,Flexible or hybrid work option
100316,0.1433,Low,Career path / promotion review
100317,0.0937,Low,Flexible or hybrid work option
100318,0.1501,Low,Career path / promotion review
100319,0.4087,Medium,Career path / promotion review
100320,0.1388,Low,Flexible or hybrid work option
100321,0.4047,Medium,Flexible or hybrid work option
100322,0.1134,Low,Retention conversation / stay interview
100323,0.1125,Low,Career path / promotion review
100324,0.0543,Low,Retention conversation / stay interview
100325,0.2804,Low,Career path / promotion review
100326,0.1134,Low,Flexible or hybrid work option
100327,0.1362,Low,Flexible or hybrid work option
100328,0.1304,Low,Flexible or hybrid work option
100329,0.3877,Low,Career path / promotion review
100330,0.3497,Low,Career path / promotion review
100331,0.1603,Low,Flexible or hybrid work option
100332,0.2064,Low,Career path / promotion review
100333,0.2278,Low,Career path / promotion review
100334,0.1078,Low,Retention conversation / stay interview
100335,0.2859,Low,Career path / promotion review
100336,0.4349,Medium,Career path / promotion review
100337,0.3443,Low,Flexible or hybrid work option
100338,0.407,Medium,Career path / promotion review
100339,0.461,Medium,Manager check-in + workload review
100340,0.4342,Medium,Manager check-in + workload review
100341,0.3718,Low,Career path / promotion review
100342,0.0798,Low,Career path / promotion review
100343,0.2292,Low,Career path / promotion review
100344,0.4393,Medium,Manager check-in + workload review
100345,0.1663,Low,Career path / promotion review
100346,0.193,Low,Flexible or hybrid work option
100347,0.5309,Medium,Manager check-in + workload review
100348,0.0767,Low,Career path / promotion review
100349,0.0909,Low,Retention conversation / stay interview
100350,0.0515,Low,Retention conversation / stay interview
100351,0.1145,Low,Career path / promotion review
100352,0.1253,Low,Flexible or hybrid work option
100353,0.1255,Low,Career path / promotion review
100354,0.1727,Low,Flexible or hybrid work option
100355,0.1959,Low,Flexible or hybrid work option
100356,0.502,Medium,Manager check-in + workload review
100357,0.0878,Low,Career path / promotion review
100358,0.2145,Low,Career path / promotion review
100359,0.0877,Low,Retention conversation / stay interview
100360,0.448,Medium,Manager check-in + workload review
100361,0.2658,Low,Career path / promotion review
100362,0.1673,Low,Career path / promotion review
100363,0.3657,Low,Manager check-in + workload review
100364,0.1881,Low,Flexible or hybrid work option
100365,0.1145,Low,Career path / promotion review
100366,0.0487,Low,Career path / promotion review
100367,0.1351,Low,Career path / promotion review
100368,0.2883,Low,Flexible or hybrid work option
100369,0.1483,Low,Compensation benchmarking review
100370,0.2889,Low,Career path / promotion review
100371,0.0689,Low,Retention conversation / stay interview
100372,0.1945,Low,Career path / promotion review
100373,0.1817,Low,Flexible or hybrid work option
100374,0.2024,Low,Career path / promotion review
100375,0.2528,Low,Career path / promotion review
100376,0.1108,Low,Flexible or hybrid work option
100377,0.3536,Low,Career path / promotion review
100378,0.145,Low,Retention conversation / stay interview
100379,0.1076,Low,Flexible or hybrid work option
100380,0.0769,Low,Retention conversation / stay interview
100381,0.5651,Medium,Manager check-in + workload review
100382,0.2701,Low,Career path / promotion review
100383,0.1161,Low,Flexible or hybrid work option
100384,0.2685,Low,Career path / promotion review
100385,0.2629,Low,Flexible or hybrid work option
100386,0.1141,Low,Career path / promotion review
100387,0.0558,Low,Career path / promotion review
100388,0.1643,Low,Flexible or hybrid work option
100389,0.3126,Low,Flexible or hybrid work option
100390,0.0801,Low,Flexible or hybrid work option
100391,0.1254,Low,Flexible or hybrid work option
100392,0.0695,Low,Career path / promotion review
100393,0.3143,Low,Career path / promotion review
100394,0.2184,Low,Flexible or hybrid work option
100395,0.2586,Low,Manager check-in + workload review
100396,0.069,Low,Career path / promotion review
100397,0.4703,Medium,Career path / promotion review
100398,0.3241,Low,Career path / promotion review
100399,0.0661,Low,Career path / promotion review
100400,0.1762,Low,Career path / promotion review
100401,0.166,Low,Flexible or hybrid work option
100402,0.0869,Low,Retention conversation / stay interview
100403,0.0997,Low,Retention conversation / stay interview
100404,0.0943,Low,Flexible or hybrid work option
100405,0.2403,Low,Retention conversation / stay interview
100406,0.1265,Low,Retention conversation / stay interview
100407,0.3013,Low,Career path / promotion review
100408,0.0614,Low,Flexible or hybrid work option
100409,0.0451,Low,Career path / promotion review
100410,0.1948,Low,Flexible or hybrid work option
100411,0.4586,Medium,Manager check-in + workload review
100412,0.1966,Low,Career path / promotion review
100413,0.1501,Low,Career path / promotion review
100414,0.0772,Low,Retention conversation / stay interview
100415,0.1206,Low,Career path / promotion review
100416,0.3345,Low,Career path / promotion review
100417,0.3445,Low,Manager check-in + workload review
100418,0.3212,Low,Career path / promotion review
100419,0.2366,Low,Career path / promotion review
100420,0.1252,Low,Career path / promotion review
100421,0.195,Low,Flexible or hybrid work option
100422,0.4543,Medium,Career path / promotion review
100423,0.3318,Low,Flexible or hybrid work option
100424,0.2935,Low,Flexible or hybrid work option
100425,0.2901,Low,Retention conversation / stay interview
100426,0.132,Low,Retention conversation / stay interview
100427,0.1016,Low,Career path / promotion review
100428,0.1231,Low,Career path / promotion review
100429,0.413,Medium,Manager check-in + workload review
100430,0.2669,Low,Career path / promotion review
100431,0.3329,Low,Career path / promotion review
100432,0.3447,Low,Flexible or hybrid work option
100433,0.0408,Low,Retention conversation / stay interview
100434,0.1089,Low,Retention conversation / stay interview
100435,0.2114,Low,Flexible or hybrid work option
100436,0.2789,Low,Career path / promotion review
100437,0.0814,Low,Flexible or hybrid work option
100438,0.0782,Low,Compensation benchmarking review
100439,0.3753,Low,Career path / promotion review
100440,0.154,Low,Retention conversation / stay interview
100441,0.3052,Low,Flexible or hybrid work option
100442,0.2315,Low,Flexible or hybrid work option
100443,0.1954,Low,Career path / promotion review
100444,0.1875,Low,Retention conversation / stay interview
100445,0.3857,Low,Manager check-in + workload review
100446,0.3026,Low,Career path / promotion review
100447,0.3447,Low,Manager check-in + workload review
100448,0.1632,Low,Career path / promotion review
100449,0.2889,Low,Compensation benchmarking review
100450,0.139,Low,Retention conversation / stay interview
100451,0.0942,Low,Career path / promotion review
100452,0.3025,Low,Flexible or hybrid work option
100453,0.1551,Low,Compensation benchmarking review
100454,0.2596,Low,Manager check-in + workload review
100455,0.1966,Low,Career path / promotion review
100456,0.1552,Low,Career path / promotion review
100457,0.6756,High,Manager check-in + workload review
100458,0.0713,Low,Flexible or hybrid work option
100459,0.2699,Low,Career path / promotion review
100460,0.1828,Low,Retention conversation / stay interview
100461,0.2636,Low,Retention conversation / stay interview
100462,0.1073,Low,Career path / promotion review
100463,0.265,Low,Career path / promotion review
100464,0.2356,Low,Career path / promotion review
100465,0.0944,Low,Retention conversation / stay interview
100466,0.2532,Low,Career path / promotion review
100467,0.5222,Medium,Career path / promotion review
100468,0.2154,Low,Career path / promotion review
100469,0.062,Low,Compensation benchmarking review
100470,0.1802,Low,Career path / promotion review
100471,0.201,Low,Retention conversation / stay interview
100472,0.1443,Low,Retention conversation / stay interview
100473,0.1002,Low,Flexible or hybrid work option
100474,0.3563,Low,Career path / promotion review
100475,0.1818,Low,Career path / promotion review
100476,0.0688,Low,Career path / promotion review
100477,0.1111,Low,Retention conversation / stay interview
100478,0.1071,Low,Career path / promotion review
100479,0.093,Low,Career path / promotion review
100480,0.1558,Low,Career path / promotion review
100481,0.2303,Low,Career path / promotion review
100482,0.1245,Low,Retention conversation / stay interview
100483,0.1422,Low,Retention conversation / stay interview
100484,0.1612,Low,Career path / promotion review
100485,0.1903,Low,Career path / promotion review
100486,0.1374,Low,Retention conversation / stay interview
100487,0.1163,Low,Career path / promotion review
100488,0.1012,Low,Career path / promotion review
100489,0.0758,Low,Retention conversation / stay interview
100490,0.21,Low,Career path / promotion review
100491,0.1545,Low,Career path / promotion review
100492,0.1454,Low,Retention conversation / stay interview
100493,0.1436,Low,Flexible or hybrid work option
100494,0.0939,Low,Retention conversation / stay interview
100495,0.2535,Low,Career path / promotion review
100496,0.3008,Low,Career path / promotion review
100497,0.2963,Low,Career path / promotion review
100498,0.0611,Low,Retention conversation / stay interview
100499,0.1318,Low,Retention conversation / stay interview
100500,0.1977,Low,Flexible or hybrid work option
100501,0.1208,Low,Flexible or hybrid work option
100502,0.3521,Low,Career path / promotion review
100503,0.3251,Low,Flexible or hybrid work option
100504,0.0871,Low,Flexible or hybrid work option
100505,0.2871,Low,Flexible or hybrid work option
100506,0.0954,Low,Retention conversation / stay interview
100507,0.2407,Low,Flexible or hybrid work option
100508,0.0465,Low,Career path / promotion review
100509,0.0877,Low,Career path / promotion review
100510,0.0602,Low,Retention conversation / stay interview
100511,0.1974,Low,Career path / promotion review
100512,0.1455,Low,Retention conversation / stay interview
100513,0.0946,Low,Career path / promotion review
100514,0.1476,Low,Career path / promotion review
100515,0.2661,Low,Flexible or hybrid work option
100516,0.2133,Low,Flexible or hybrid work option
100517,0.055,Low,Retention conversation / stay interview
100518,0.1665,Low,Career path / promotion review
100519,0.1147,Low,Flexible or hybrid work option
100520,0.5626,Medium,Manager check-in + workload review
100521,0.0981,Low,Career path / promotion review
100522,0.1252,Low,Career path / promotion review
100523,0.1314,Low,Career path / promotion review
100524,0.1811,Low,Career path / promotion review
100525,0.1596,Low,Career path / promotion review
100526,0.3228,Low,Flexible or hybrid work option
100527,0.427,Medium,Career path / promotion review
100528,0.2176,Low,Career path / promotion review
100529,0.2051,Low,Flexible or hybrid work option
100530,0.1276,Low,Career path / promotion review
100531,0.1433,Low,Career path / promotion review
100532,0.1764,Low,Career path / promotion review
100533,0.1198,Low,Flexible or hybrid work option
100534,0.2506,Low,Career path / promotion review
100535,0.1901,Low,Career path / promotion review
100536,0.5477,Medium,Manager check-in + workload review
100537,0.0704,Low,Retention conversation / stay interview
100538,0.2146,Low,Compensation benchmarking review
100539,0.1068,Low,Retention conversation / stay interview
100540,0.4444,Medium,Manager check-in + workload review
100541,0.2894,Low,Manager check-in + workload review
100542,0.1776,Low,Career path / promotion review
100543,0.0804,Low,Compensation benchmarking review
100544,0.2947,Low,Career path / promotion review
100545,0.3772,Low,Career path / promotion review
100546,0.2971,Low,Career path / promotion review
100547,0.2004,Low,Career path / promotion review
100548,0.085,Low,Compensation benchmarking review
100549,0.3191,Low,Manager check-in + workload review
100550,0.1786,Low,Flexible or hybrid work option
100551,0.0732,Low,Career path / promotion review
100552,0.156,Low,Career path / promotion review
100553,0.1385,Low,Retention conversation / stay interview
100554,0.4155,Medium,Manager check-in + workload review
100555,0.3085,Low,Flexible or hybrid work option
100556,0.3078,Low,Flexible or hybrid work option
100557,0.0942,Low,Career path / promotion review
100558,0.4621,Medium,Manager check-in + workload review
100559,0.0727,Low,Retention conversation / stay interview
100560,0.2254,Low,Career path / promotion review
100561,0.4594,Medium,Manager check-in + workload review
100562,0.2384,Low,Career path / promotion review
100563,0.4653,Medium,Manager check-in + workload review
100564,0.3116,Low,Career path / promotion review
100565,0.1581,Low,Manager check-in + workload review
100566,0.2744,Low,Flexible or hybrid work option
100567,0.1726,Low,Career path / promotion review
100568,0.1286,Low,Flexible or hybrid work option
100569,0.1775,Low,Flexible or hybrid work option
100570,0.0676,Low,Career path / promotion review
100571,0.1608,Low,Career path / promotion review
100572,0.2253,Low,Retention conversation / stay interview
100573,0.3257,Low,Manager check-in + workload review
100574,0.1807,Low,Career path / promotion review
100575,0.094,Low,Flexible or hybrid work option
100576,0.1842,Low,Retention conversation / stay interview
100577,0.2183,Low,Career path / promotion review
100578,0.3807,Low,Career path / promotion review
100579,0.1535,Low,Career path / promotion review
100580,0.0816,Low,Retention conversation / stay interview
100581,0.2252,Low,Flexible or hybrid work option
100582,0.0961,Low,Retention conversation / stay interview
100583,0.3359,Low,Career path / promotion review
100584,0.1232,Low,Retention conversation / stay interview
100585,0.0494,Low,Retention conversation / stay interview
100586,0.2378,Low,Career path / promotion review
100587,0.1619,Low,Flexible or hybrid work option
100588,0.3512,Low,Career path / promotion review
100589,0.0644,Low,Flexible or hybrid work option
100590,0.103,Low,Career path / promotion review
100591,0.3774,Low,Flexible or hybrid work option
100592,0.2133,Low,Career path / promotion review
100593,0.4271,Medium,Career path / promotion review
100594,0.2821,Low,Career path / promotion review
100595,0.2784,Low,Career path / promotion review
100596,0.1104,Low,Flexible or hybrid work option
100597,0.1907,Low,Career path / promotion review
100598,0.3154,Low,Career path / promotion review
100599,0.0825,Low,Career path / promotion review
100600,0.1586,Low,Retention conversation / stay interview
100601,0.1015,Low,Retention conversation / stay interview
100602,0.0929,Low,Retention conversation / stay interview
100603,0.1992,Low,Career path / promotion review
100604,0.4006,Medium,Manager check-in + workload review
100605,0.0637,Low,Career path / promotion review
100606,0.2993,Low,Flexible or hybrid work option
100607,0.2407,Low,Compensation benchmarking review
100608,0.0713,Low,Career path / promotion review
100609,0.1636,Low,Flexible or hybrid work option
100610,0.2542,Low,Flexible or hybrid work option
100611,0.2842,Low,Career path / promotion review
100612,0.2116,Low,Flexible or hybrid work option
100613,0.1633,Low,Retention conversation / stay interview
100614,0.1805,Low,Career path / promotion review
100615,0.2207,Low,Retention conversation / stay interview
100616,0.0652,Low,Career path / promotion review
100617,0.0654,Low,Retention conversation / stay interview
100618,0.2473,Low,Career path / promotion review
100619,0.0832,Low,Retention conversation / stay interview
100620,0.1889,Low,Career path / promotion review
100621,0.1826,Low,Flexible or hybrid work option
100622,0.1133,Low,Career path / promotion review
100623,0.1223,Low,Retention conversation / stay interview
100624,0.1969,Low,Retention conversation / stay interview
100625,0.5041,Medium,Manager check-in + workload review
100626,0.3197,Low,Manager check-in + workload review
100627,0.1184,Low,Flexible or hybrid work option
100628,0.1305,Low,Flexible or hybrid work option
100629,0.1687,Low,Retention conversation / stay interview
100630,0.4022,Medium,Manager check-in + workload review
100631,0.2081,Low,Career path / promotion review
100632,0.2582,Low,Career path / promotion review
100633,0.1521,Low,Career path / promotion review
100634,0.1432,Low,Career path / promotion review
100635,0.0956,Low,Career path / promotion review
100636,0.2626,Low,Flexible or hybrid work option
100637,0.1086,Low,Retention conversation / stay interview
100638,0.5474,Medium,Manager check-in + workload review
100639,0.3636,Low,Career path / promotion review
100640,0.1175,Low,Flexible or hybrid work option
100641,0.1891,Low,Career path / promotion review
100642,0.065,Low,Retention conversation / stay interview
100643,0.1186,Low,Retention conversation / stay interview
100644,0.0915,Low,Retention conversation / stay interview
100645,0.1915,Low,Career path / promotion review
100646,0.2343,Low,Career path / promotion review
100647,0.267,Low,Career path / promotion review
100648,0.1903,Low,Career path / promotion review
100649,0.2214,Low,Flexible or hybrid work option
100650,0.4299,Medium,Career path / promotion review
100651,0.092,Low,Retention conversation / stay interview
100652,0.0996,Low,Flexible or hybrid work option
100653,0.2921,Low,Retention conversation / stay interview
100654,0.1499,Low,Career path / promotion review
100655,0.3107,Low,Flexible or hybrid work option
100656,0.1562,Low,Compensation benchmarking review
100657,0.296,Low,Career path / promotion review
100658,0.162,Low,Flexible or hybrid work option
100659,0.236,Low,Manager check-in + workload review
100660,0.1841,Low,Flexible or hybrid work option
100661,0.1158,Low,Retention conversation / stay interview
100662,0.3943,Low,Career path / promotion review
100663,0.3134,Low,Career path / promotion review
100664,0.3318,Low,Career path / promotion review
100665,0.1422,Low,Career path / promotion review
100666,0.1755,Low,Flexible or hybrid work option
100667,0.1542,Low,Flexible or hybrid work option
100668,0.0386,Low,Retention conversation / stay interview
100669,0.2517,Low,Career path / promotion review
100670,0.5359,Medium,Manager check-in + workload review
100671,0.3155,Low,Career path / promotion review
100672,0.1528,Low,Retention conversation / stay interview
100673,0.3838,Low,Flexible or hybrid work option
100674,0.2718,Low,Career path / promotion review
100675,0.1196,Low,Flexible or hybrid work option
100676,0.2529,Low,Flexible or hybrid work option
100677,0.1056,Low,Flexible or hybrid work option
100678,0.1088,Low,Career path / promotion review
100679,0.3719,Low,Flexible or hybrid work option
100680,0.032,Low,Retention conversation / stay interview
100681,0.1636,Low,Retention conversation / stay interview
100682,0.3859,Low,Career path / promotion review
100683,0.3129,Low,Career path / promotion review
100684,0.3471,Low,Manager check-in + workload review
100685,0.143,Low,Flexible or hybrid work option
100686,0.2276,Low,Career path / promotion review
100687,0.0942,Low,Retention conversation / stay interview
100688,0.206,Low,Career path / promotion review
100689,0.1916,Low,Retention conversation / stay interview
100690,0.0877,Low,Compensation benchmarking review
100691,0.2451,Low,Career path / promotion review
100692,0.1193,Low,Career path / promotion review
100693,0.0779,Low,Retention conversation / stay interview
100694,0.0973,Low,Compensation benchmarking review
100695,0.0592,Low,Flexible or hybrid work option
100696,0.2292,Low,Retention conversation / stay interview
100697,0.4293,Medium,Career path / promotion review
100698,0.2414,Low,Flexible or hybrid work option
100699,0.0693,Low,Flexible or hybrid work option
100700,0.1516,Low,Retention conversation / stay interview
100701,0.2764,Low,Career path / promotion review
100702,0.2605,Low,Flexible or hybrid work option
100703,0.5878,Medium,Manager check-in + workload review
100704,0.3006,Low,Flexible or hybrid work option
100705,0.1177,Low,Flexible or hybrid work option
100706,0.2282,Low,Career path / promotion review
100707,0.2498,Low,Career path / promotion review
100708,0.3316,Low,Manager check-in + workload review
100709,0.1165,Low,Retention conversation / stay interview
100710,0.1559,Low,Career path / promotion review
100711,0.2038,Low,Flexible or hybrid work option
100712,0.1405,Low,Career path / promotion review
100713,0.2441,Low,Flexible or hybrid work option
100714,0.2091,Low,Career path / promotion review
100715,0.1972,Low,Career path / promotion review
100716,0.1498,Low,Retention conversation / stay interview
100717,0.1266,Low,Retention conversation / stay interview
100718,0.3088,Low,Flexible or hybrid work option
100719,0.0996,Low,Career path / promotion review
100720,0.043,Low,Retention conversation / stay interview
100721,0.1503,Low,Retention conversation / stay interview
100722,0.172,Low,Career path / promotion review
100723,0.363,Low,Manager check-in + workload review
100724,0.4489,Medium,Manager check-in + workload review
100725,0.5618,Medium,Manager check-in + workload review
100726,0.1116,Low,Career path / promotion review
100727,0.1566,Low,Flexible or hybrid work option
100728,0.2189,Low,Career path / promotion review
100729,0.1229,Low,Flexible or hybrid work option
100730,0.1228,Low,Flexible or hybrid work option
100731,0.0744,Low,Retention conversation / stay interview
100732,0.1141,Low,Retention conversation / stay interview
100733,0.2034,Low,Retention conversation / stay interview
100734,0.1418,Low,Retention conversation / stay interview
100735,0.1467,Low,Retention conversation / stay interview
100736,0.2269,Low,Career path / promotion review
100737,0.1337,Low,Career path / promotion review
100738,0.2693,Low,Career path / promotion review
100739,0.0798,Low,Flexible or hybrid work option
100740,0.3045,Low,Flexible or hybrid work option
100741,0.1876,Low,Career path / promotion review
100742,0.1097,Low,Career path / promotion review
100743,0.25,Low,Flexible or hybrid work option
100744,0.1541,Low,Flexible or hybrid work option
100745,0.254,Low,Career path / promotion review
100746,0.4217,Medium,Manager check-in + workload review
100747,0.0697,Low,Career path / promotion review
100748,0.1119,Low,Retention conversation / stay interview
100749,0.148,Low,Retention conversation / stay interview
100750,0.3486,Low,Career path / promotion review
100751,0.4241,Medium,Career path / promotion review
100752,0.3391,Low,Manager check-in + workload review
100753,0.1999,Low,Retention conversation / stay interview
100754,0.1061,Low,Retention conversation / stay interview
100755,0.1027,Low,Retention conversation / stay interview
100756,0.1487,Low,Career path / promotion review
100757,0.2076,Low,Manager check-in + workload review
100758,0.1837,Low,Career path / promotion review
100759,0.3593,Low,Flexible or hybrid work option
100760,0.2234,Low,Career path / promotion review
100761,0.3773,Low,Career path / promotion review
100762,0.5293,Medium,Career path / promotion review
100763,0.2402,Low,Flexible or hybrid work option
100764,0.1491,Low,Career path / promotion review
100765,0.2509,Low,Flexible or hybrid work option
100766,0.143,Low,Flexible or hybrid work option
100767,0.4006,Medium,Career path / promotion review
100768,0.0398,Low,Compensation benchmarking review
100769,0.2615,Low,Flexible or hybrid work option
100770,0.2153,Low,Career path / promotion review
100771,0.1279,Low,Compensation benchmarking review
100772,0.1194,Low,Retention conversation / stay interview
100773,0.254,Low,Career path / promotion review
100774,0.0532,Low,Compensation benchmarking review
100775,0.1839,Low,Career path / promotion review
100776,0.3531,Low,Career path / promotion review
100777,0.2827,Low,Career path / promotion review
100778,0.1082,Low,Career path / promotion review
100779,0.1822,Low,Career path / promotion review
100780,0.2509,Low,Career path / promotion review
100781,0.3791,Low,Career path / promotion review
100782,0.4792,Medium,Career path / promotion review
100783,0.1702,Low,Career path / promotion review
100784,0.2057,Low,Career path / promotion review
100785,0.3031,Low,Career path / promotion review
100786,0.1387,Low,Flexible or hybrid work option
100787,0.1555,Low,Career path / promotion review
100788,0.1321,Low,Retention conversation / stay interview
100789,0.1879,Low,Career path / promotion review
100790,0.2442,Low,Career path / promotion review
100791,0.5337,Medium,Manager check-in + workload review
100792,0.1609,Low,Career path / promotion review
100793,0.2646,Low,Career path / promotion review
100794,0.2348,Low,Career path / promotion review
100795,0.5206,Medium,Career path / promotion review
100796,0.2386,Low,Career path / promotion review
100797,0.0763,Low,Career path / promotion review
100798,0.0305,Low,Retention conversation / stay interview
100799,0.1128,Low,Retention conversation / stay interview
100800,0.0925,Low,Retention conversation / stay interview
100801,0.23,Low,Retention conversation / stay interview
100802,0.0551,Low,Retention conversation / stay interview
100803,0.0528,Low,Retention conversation / stay interview
100804,0.1009,Low,Flexible or hybrid work option
100805,0.1603,Low,Career path / promotion review
100806,0.2088,Low,Career path / promotion review
100807,0.1611,Low,Compensation benchmarking review
100808,0.1889,Low,Retention conversation / stay interview
100809,0.1108,Low,Flexible or hybrid work option
100810,0.1298,Low,Retention conversation / stay interview
100811,0.1373,Low,Flexible or hybrid work option
100812,0.153,Low,Flexible or hybrid work option
100813,0.1837,Low,Flexible or hybrid work option
100814,0.1773,Low,Retention conversation / stay interview
100815,0.2212,Low,Career path / promotion review
100816,0.1425,Low,Career path / promotion review
100817,0.3418,Low,Flexible or hybrid work option
100818,0.3499,Low,Career path / promotion review
100819,0.1106,Low,Flexible or hybrid work option
100820,0.1734,Low,Flexible or hybrid work option
100821,0.0493,Low,Retention conversation / stay interview
100822,0.1171,Low,Career path / promotion review
100823,0.4446,Medium,Manager check-in + workload review
100824,0.2654,Low,Career path / promotion review
100825,0.0585,Low,Retention conversation / stay interview
100826,0.1923,Low,Retention conversation / stay interview
100827,0.2056,Low,Career path / promotion review
100828,0.1057,Low,Flexible or hybrid work option
100829,0.3206,Low,Career path / promotion review
100830,0.3741,Low,Career path / promotion review
100831,0.3313,Low,Career path / promotion review
100832,0.1495,Low,Flexible or hybrid work option
100833,0.2836,Low,Flexible or hybrid work option
100834,0.1254,Low,Flexible or hybrid work option
100835,0.1641,Low,Retention conversation / stay interview
100836,0.1196,Low,Career path / promotion review
100837,0.1907,Low,Career path / promotion review
100838,0.1155,Low,Retention conversation / stay interview
100839,0.1289,Low,Career path / promotion review
100840,0.201,Low,Career path / promotion review
100841,0.0594,Low,Retention conversation / stay interview
100842,0.4657,Medium,Manager check-in + workload review
100843,0.1589,Low,Retention conversation / stay interview
100844,0.2283,Low,Flexible or hybrid work option
100845,0.0863,Low,Flexible or hybrid work option
100846,0.3772,Low,Manager check-in + workload review
100847,0.1557,Low,Flexible or hybrid work option
100848,0.1362,Low,Retention conversation / stay interview
100849,0.2288,Low,Career path / promotion review
100850,0.2425,Low,Flexible or hybrid work option
100851,0.1203,Low,Retention conversation / stay interview
100852,0.148,Low,Compensation benchmarking review
100853,0.0647,Low,Retention conversation / stay interview
100854,0.1812,Low,Career path / promotion review
100855,0.1193,Low,Career path / promotion review
100856,0.1845,Low,Retention conversation / stay interview
100857,0.2182,Low,Career path / promotion review
100858,0.0751,Low,Career path / promotion review
100859,0.1081,Low,Career path / promotion review
100860,0.1648,Low,Career path / promotion review
100861,0.3184,Low,Career path / promotion review
100862,0.1011,Low,Career path / promotion review
100863,0.1068,Low,Flexible or hybrid work option
100864,0.0937,Low,Career path / promotion review
100865,0.1425,Low,Career path / promotion review
100866,0.1334,Low,Career path / promotion review
100867,0.2639,Low,Career path / promotion review
100868,0.3865,Low,Career path / promotion review
100869,0.5409,Medium,Manager check-in + workload review
100870,0.3253,Low,Career path / promotion review
100871,0.1998,Low,Career path / promotion review
100872,0.2846,Low,Manager check-in + workload review
100873,0.2953,Low,Flexible or hybrid work option
100874,0.2053,Low,Career path / promotion review
100875,0.0896,Low,Compensation benchmarking review
100876,0.229,Low,Flexible or hybrid work option
100877,0.116,Low,Compensation benchmarking review
100878,0.1816,Low,Career path / promotion review
100879,0.2058,Low,Flexible or hybrid work option
100880,0.0901,Low,Compensation benchmarking review
100881,0.1419,Low,Career path / promotion review
100882,0.4302,Medium,Career path / promotion review
100883,0.1256,Low,Career path / promotion review
100884,0.2359,Low,Career path / promotion review
100885,0.4922,Medium,Manager check-in + workload review
100886,0.1025,Low,Compensation benchmarking review
100887,0.2897,Low,Manager check-in + workload review
100888,0.1869,Low,Career path / promotion review
100889,0.2344,Low,Career path / promotion review
100890,0.2174,Low,Career path / promotion review
100891,0.3386,Low,Manager check-in + workload review
100892,0.4323,Medium,Manager check-in + workload review
100893,0.0671,Low,Flexible or hybrid work option
100894,0.3617,Low,Flexible or hybrid work option
100895,0.2686,Low,Career path / promotion review
100896,0.1015,Low,Compensation benchmarking review
100897,0.0625,Low,Retention conversation / stay interview
100898,0.1131,Low,Retention conversation / stay interview
100899,0.1854,Low,Career path / promotion review
100900,0.1066,Low,Retention conversation / stay interview
100901,0.2,Low,Retention conversation / stay interview
100902,0.0667,Low,Retention conversation / stay interview
100903,0.061,Low,Career path / promotion review
100904,0.1751,Low,Career path / promotion review
100905,0.1791,Low,Compensation benchmarking review
100906,0.0605,Low,Retention conversation / stay interview
100907,0.1539,Low,Career path / promotion review
100908,0.3346,Low,Career path / promotion review
100909,0.1236,Low,Career path / promotion review
100910,0.091,Low,Retention conversation / stay interview
100911,0.1633,Low,Retention conversation / stay interview
100912,0.4326,Medium,Manager check-in + workload review
100913,0.147,Low,Flexible or hybrid work option
100914,0.3077,Low,Career path / promotion review
100915,0.2661,Low,Manager check-in + workload review
100916,0.1846,Low,Flexible or hybrid work option
100917,0.2821,Low,Flexible or hybrid work option
100918,0.1862,Low,Flexible or hybrid work option
100919,0.2424,Low,Career path / promotion review
100920,0.0871,Low,Career path / promotion review
100921,0.2419,Low,Career path / promotion review
100922,0.0727,Low,Compensation benchmarking review
100923,0.3788,Low,Manager check-in + workload review
100924,0.3485,Low,Manager check-in + workload review
100925,0.1932,Low,Career path / promotion review
100926,0.1896,Low,Retention conversation / stay interview
100927,0.256,Low,Manager check-in + workload review
100928,0.2881,Low,Career path / promotion review
100929,0.092,Low,Career path / promotion review
100930,0.1866,Low,Career path / promotion review
100931,0.2597,Low,Career path / promotion review
100932,0.2141,Low,Retention conversation / stay interview
100933,0.3258,Low,Manager check-in + workload review
100934,0.1399,Low,Compensation benchmarking review
100935,0.1661,Low,Career path / promotion review
100936,0.2403,Low,Manager check-in + workload review
100937,0.4052,Medium,Flexible or hybrid work option
100938,0.1069,Low,Career path / promotion review
100939,0.4313,Medium,Career path / promotion review
100940,0.2145,Low,Compensation benchmarking review
100941,0.1535,Low,Career path / promotion review
100942,0.438,Medium,Career path / promotion review
100943,0.1638,Low,Compensation benchmarking review
100944,0.111,Low,Flexible or hybrid work option
100945,0.3877,Low,Manager check-in + workload review
100946,0.2321,Low,Career path / promotion review
100947,0.088,Low,Career path / promotion review
100948,0.1219,Low,Career path / promotion review
100949,0.1919,Low,Manager check-in + workload review
100950,0.1848,Low,Career path / promotion review
100951,0.0949,Low,Career path / promotion review
100952,0.31,Low,Flexible or hybrid work option
100953,0.2922,Low,Career path / promotion review
100954,0.0851,Low,Career path / promotion review
100955,0.0661,Low,Flexible or hybrid work option
100956,0.3334,Low,Career path / promotion review
100957,0.1278,Low,Flexible or hybrid work option
100958,0.259,Low,Career path / promotion review
100959,0.1514,Low,Career path / promotion review
100960,0.1321,Low,Career path / promotion review
100961,0.1361,Low,Flexible or hybrid work option
100962,0.0524,Low,Retention conversation / stay interview
100963,0.3339,Low,Flexible or hybrid work option
100964,0.1965,Low,Flexible or hybrid work option
100965,0.5045,Medium,Manager check-in + workload review
100966,0.0592,Low,Retention conversation / stay interview
100967,0.1873,Low,Career path / promotion review
100968,0.072,Low,Retention conversation / stay interview
100969,0.1267,Low,Retention conversation / stay interview
100970,0.1149,Low,Career path / promotion review
100971,0.1004,Low,Retention conversation / stay interview
100972,0.1982,Low,Career path / promotion review
100973,0.2295,Low,Flexible or hybrid work option
100974,0.4288,Medium,Career path / promotion review
100975,0.2055,Low,Career path / promotion review
100976,0.0853,Low,Flexible or hybrid work option
100977,0.1513,Low,Career path / promotion review
100978,0.12,Low,Flexible or hybrid work option
100979,0.2841,Low,Flexible or hybrid work option
100980,0.1137,Low,Career path / promotion review
100981,0.1075,Low,Retention conversation / stay interview
100982,0.0717,Low,Career path / promotion review
100983,0.0508,Low,Retention conversation / stay interview
100984,0.1508,Low,Flexible or hybrid work option
100985,0.3192,Low,Flexible or hybrid work option
100986,0.0518,Low,Career path / promotion review
100987,0.2622,Low,Retention conversation / stay interview
100988,0.0946,Low,Career path / promotion review
100989,0.5282,Medium,Manager check-in + workload review
100990,0.1917,Low,Retention conversation / stay interview
100991,0.1588,Low,Career path / promotion review
100992,0.0787,Low,Career path / promotion review
100993,0.2261,Low,Career path / promotion review
100994,0.3384,Low,Career path / promotion review
100995,0.0591,Low,Retention conversation / stay interview
100996,0.1495,Low,Flexible or hybrid work option
100997,0.3022,Low,Manager check-in + workload review
100998,0.5082,Medium,Manager check-in + workload review
100999,0.3358,Low,Flexible or hybrid work option
101000,0.1516,Low,Career path / promotion review
101001,0.2525,Low,Career path / promotion review
101002,0.2262,Low,Career path / promotion review
101003,0.1531,Low,Career path / promotion review
101004,0.2003,Low,Career path / promotion review
101005,0.1187,Low,Career path / promotion review
101006,0.0605,Low,Retention conversation / stay interview
101007,0.1156,Low,Flexible or hybrid work option
101008,0.0937,Low,Flexible or hybrid work option
101009,0.1775,Low,Manager check-in + workload review
101010,0.2155,Low,Retention conversation / stay interview
101011,0.2482,Low,Career path / promotion review
101012,0.1717,Low,Career path / promotion review
101013,0.1379,Low,Compensation benchmarking review
101014,0.1027,Low,Retention conversation / stay interview
101015,0.1177,Low,Flexible or hybrid work option
101016,0.174,Low,Career path / promotion review
101017,0.2436,Low,Flexible or hybrid work option
101018,0.1874,Low,Career path / promotion review
101019,0.1136,Low,Career path / promotion review
101020,0.359,Low,Manager check-in + workload review
101021,0.1979,Low,Career path / promotion review
101022,0.1056,Low,Flexible or hybrid work option
101023,0.3119,Low,Career path / promotion review
101024,0.1843,Low,Career path / promotion review
101025,0.3205,Low,Career path / promotion review
101026,0.0327,Low,Compensation benchmarking review
101027,0.2109,Low,Flexible or hybrid work option
101028,0.2596,Low,Flexible or hybrid work option
101029,0.3539,Low,Career path / promotion review
101030,0.1307,Low,Career path / promotion review
101031,0.1756,Low,Career path / promotion review
101032,0.1512,Low,Retention conversation / stay interview
101033,0.295,Low,Flexible or hybrid work option
101034,0.24,Low,Retention conversation / stay interview
101035,0.0935,Low,Retention conversation / stay interview
101036,0.1868,Low,Flexible or hybrid work option
101037,0.3418,Low,Flexible or hybrid work option
101038,0.235,Low,Career path / promotion review
101039,0.3336,Low,Manager check-in + workload review
101040,0.1703,Low,Career path / promotion review
101041,0.0733,Low,Career path / promotion review
101042,0.1727,Low,Retention conversation / stay interview
101043,0.2552,Low,Career path / promotion review
101044,0.2284,Low,Flexible or hybrid work option
101045,0.0519,Low,Retention conversation / stay interview
101046,0.3057,Low,Manager check-in + workload review
101047,0.1979,Low,Career path / promotion review
101048,0.1087,Low,Career path / promotion review
101049,0.3488,Low,Flexible or hybrid work option
101050,0.0745,Low,Career path / promotion review
101051,0.2098,Low,Retention conversation / stay interview
101052,0.1751,Low,Career path / promotion review
101053,0.2,Low,Flexible or hybrid work option
101054,0.185,Low,Career path / promotion review
101055,0.1152,Low,Retention conversation / stay interview
101056,0.1238,Low,Retention conversation / stay interview
101057,0.1516,Low,Flexible or hybrid work option
101058,0.0577,Low,Retention conversation / stay interview
101059,0.1535,Low,Retention conversation / stay interview
101060,0.3145,Low,Career path / promotion review
101061,0.2396,Low,Flexible or hybrid work option
101062,0.1604,Low,Career path / promotion review
101063,0.3333,Low,Career path / promotion review
101064,0.3274,Low,Manager check-in + workload review
101065,0.2143,Low,Career path / promotion review
101066,0.0532,Low,Flexible or hybrid work option
101067,0.2684,Low,Career path / promotion review
101068,0.11,Low,Career path / promotion review
101069,0.1358,Low,Flexible or hybrid work option
101070,0.4336,Medium,Flexible or hybrid work option
101071,0.1798,Low,Career path / promotion review
101072,0.0508,Low,Compensation benchmarking review
101073,0.2145,Low,Retention conversation / stay interview
101074,0.127,Low,Career path / promotion review
101075,0.2052,Low,Career path / promotion review
101076,0.2573,Low,Flexible or hybrid work option
101077,0.0987,Low,Flexible or hybrid work option
101078,0.4163,Medium,Manager check-in + workload review
101079,0.3498,Low,Flexible or hybrid work option
101080,0.1782,Low,Career path / promotion review
101081,0.3566,Low,Manager check-in + workload review
101082,0.1438,Low,Career path / promotion review
101083,0.2589,Low,Flexible or hybrid work option
101084,0.1548,Low,Career path / promotion review
101085,0.3127,Low,Career path / promotion review
101086,0.1039,Low,Career path / promotion review
101087,0.4554,Medium,Manager check-in + workload review
101088,0.1299,Low,Flexible or hybrid work option
101089,0.0922,Low,Career path / promotion review
101090,0.0513,Low,Retention conversation / stay interview
101091,0.126,Low,Career path / promotion review
101092,0.1614,Low,Flexible or hybrid work option
101093,0.1601,Low,Retention conversation / stay interview
101094,0.1,Low,Flexible or hybrid work option
101095,0.2539,Low,Career path / promotion review
101096,0.0814,Low,Flexible or hybrid work option
101097,0.1149,Low,Retention conversation / stay interview
101098,0.133,Low,Career path / promotion review
101099,0.1777,Low,Career path / promotion review
101100,0.0716,Low,Career path / promotion review
101101,0.1941,Low,Retention conversation / stay interview
101102,0.3213,Low,Manager check-in + workload review
101103,0.1953,Low,Compensation benchmarking review
101104,0.1508,Low,Career path / promotion review
101105,0.0489,Low,Retention conversation / stay interview
101106,0.2994,Low,Career path / promotion review
101107,0.0697,Low,Career path / promotion review
101108,0.3258,Low,Career path / promotion review
101109,0.23,Low,Flexible or hybrid work option
101110,0.129,Low,Retention conversation / stay interview
101111,0.3023,Low,Career path / promotion review
101112,0.098,Low,Career path / promotion review
101113,0.1292,Low,Career path / promotion review
101114,0.4862,Medium,Manager check-in + workload review
101115,0.264,Low,Career path / promotion review
101116,0.0736,Low,Retention conversation / stay interview
101117,0.2522,Low,Flexible or hybrid work option
101118,0.5326,Medium,Manager check-in + workload review
101119,0.2577,Low,Flexible or hybrid work option
101120,0.3485,Low,Flexible or hybrid work option
101121,0.247,Low,Flexible or hybrid work option
101122,0.3699,Low,Career path / promotion review
101123,0.1475,Low,Compensation benchmarking review
101124,0.3998,Low,Career path / promotion review
101125,0.1996,Low,Flexible or hybrid work option
101126,0.1565,Low,Compensation benchmarking review
101127,0.2601,Low,Career path / promotion review
101128,0.2281,Low,Career path / promotion review
101129,0.0725,Low,Retention conversation / stay interview
101130,0.0372,Low,Retention conversation / stay interview
101131,0.3555,Low,Manager check-in + workload review
101132,0.1284,Low,Retention conversation / stay interview
101133,0.4596,Medium,Manager check-in + workload review
101134,0.229,Low,Retention conversation / stay interview
101135,0.1373,Low,Career path / promotion review
101136,0.4082,Medium,Manager check-in + workload review
101137,0.1122,Low,Flexible or hybrid work option
101138,0.1917,Low,Career path / promotion review
101139,0.1943,Low,Career path / promotion review
101140,0.2009,Low,Retention conversation / stay interview
101141,0.467,Medium,Manager check-in + workload review
101142,0.1634,Low,Flexible or hybrid work option
101143,0.4397,Medium,Manager check-in + workload review
101144,0.3941,Low,Manager check-in + workload review
101145,0.1974,Low,Career path / promotion review
101146,0.1747,Low,Retention conversation / stay interview
101147,0.0889,Low,Flexible or hybrid work option
101148,0.0643,Low,Flexible or hybrid work option
101149,0.4687,Medium,Manager check-in + workload review
101150,0.3346,Low,Flexible or hybrid work option
101151,0.1763,Low,Career path / promotion review
101152,0.2191,Low,Career path / promotion review
101153,0.213,Low,Flexible or hybrid work option
101154,0.3167,Low,Career path / promotion review
101155,0.5144,Medium,Manager check-in + workload review
101156,0.1058,Low,Career path / promotion review
101157,0.2773,Low,Flexible or hybrid work option
101158,0.3429,Low,Career path / promotion review
101159,0.2179,Low,Flexible or hybrid work option
101160,0.2291,Low,Manager check-in + workload review
101161,0.2261,Low,Career path / promotion review
101162,0.1067,Low,Flexible or hybrid work option
101163,0.1013,Low,Career path / promotion review
101164,0.1517,Low,Career path / promotion review
101165,0.0932,Low,Career path / promotion review
101166,0.1118,Low,Flexible or hybrid work option
101167,0.1105,Low,Career path / promotion review
101168,0.0467,Low,Retention conversation / stay interview
101169,0.203,Low,Career path / promotion review
101170,0.1258,Low,Flexible or hybrid work option
101171,0.1624,Low,Career path / promotion review
101172,0.1388,Low,Career path / promotion review
101173,0.2084,Low,Career path / promotion review
101174,0.1629,Low,Flexible or hybrid work option
101175,0.109,Low,Retention conversation / stay interview
101176,0.2342,Low,Flexible or hybrid work option
101177,0.1348,Low,Retention conversation / stay interview
101178,0.109,Low,Retention conversation / stay interview
101179,0.1819,Low,Career path / promotion review
101180,0.0879,Low,Retention conversation / stay interview
101181,0.0639,Low,Career path / promotion review
101182,0.2792,Low,Career path / promotion review
101183,0.1157,Low,Flexible or hybrid work option
101184,0.0491,Low,Career path / promotion review
101185,0.2026,Low,Career path / promotion review
101186,0.2627,Low,Manager check-in + workload review
101187,0.0504,Low,Career path / promotion review
101188,0.1187,Low,Career path / promotion review
101189,0.0583,Low,Flexible or hybrid work option
101190,0.2151,Low,Career path / promotion review
101191,0.1326,Low,Career path / promotion review
101192,0.1001,Low,Career path / promotion review
101193,0.1437,Low,Career path / promotion review
101194,0.2461,Low,Manager check-in + workload review
101195,0.452,Medium,Manager check-in + workload review
101196,0.3513,Low,Manager check-in + workload review
101197,0.1848,Low,Career path / promotion review
101198,0.0905,Low,Career path / promotion review
101199,0.2321,Low,Career path / promotion review
101200,0.1442,Low,Career path / promotion review
101201,0.2201,Low,Career path / promotion review
101202,0.3612,Low,Manager check-in + workload review
101203,0.3534,Low,Career path / promotion review
101204,0.0462,Low,Retention conversation / stay interview
101205,0.2842,Low,Manager check-in + workload review
101206,0.0841,Low,Career path / promotion review
101207,0.2419,Low,Career path / promotion review
101208,0.1837,Low,Retention conversation / stay interview
101209,0.061,Low,Retention conversation / stay interview
101210,0.1029,Low,Retention conversation / stay interview
101211,0.0936,Low,Flexible or hybrid work option
101212,0.2834,Low,Career path / promotion review
101213,0.359,Low,Career path / promotion review
101214,0.4381,Medium,Manager check-in + workload review
101215,0.2318,Low,Career path / promotion review
101216,0.0538,Low,Retention conversation / stay interview
101217,0.1901,Low,Manager check-in + workload review
101218,0.0717,Low,Retention conversation / stay interview
101219,0.1129,Low,Flexible or hybrid work option
101220,0.277,Low,Career path / promotion review
101221,0.4279,Medium,Manager check-in + workload review
101222,0.2868,Low,Career path / promotion review
101223,0.0977,Low,Flexible or hybrid work option
101224,0.3872,Low,Flexible or hybrid work option
101225,0.1635,Low,Flexible or hybrid work option
101226,0.1431,Low,Flexible or hybrid work option
101227,0.2306,Low,Retention conversation / stay interview
101228,0.1014,Low,Retention conversation / stay interview
101229,0.1419,Low,Flexible or hybrid work option
101230,0.1017,Low,Retention conversation / stay interview
101231,0.1666,Low,Retention conversation / stay interview
101232,0.052,Low,Retention conversation / stay interview
101233,0.2284,Low,Career path / promotion review
101234,0.098,Low,Flexible or hybrid work option
101235,0.157,Low,Career path / promotion review
101236,0.2791,Low,Career path / promotion review
101237,0.4824,Medium,Manager check-in + workload review
101238,0.2201,Low,Retention conversation / stay interview
101239,0.1481,Low,Career path / promotion review
101240,0.2013,Low,Manager check-in + workload review
101241,0.2402,Low,Retention conversation / stay interview
101242,0.3032,Low,Career path / promotion review
101243,0.1953,Low,Retention conversation / stay interview
101244,0.135,Low,Retention conversation / stay interview
101245,0.1877,Low,Career path / promotion review
101246,0.4216,Medium,Manager check-in + workload review
101247,0.1286,Low,Flexible or hybrid work option
101248,0.2741,Low,Career path / promotion review
101249,0.0805,Low,Career path / promotion review
101250,0.1214,Low,Retention conversation / stay interview
101251,0.2,Low,Career path / promotion review
101252,0.0764,Low,Retention conversation / stay interview
101253,0.3174,Low,Career path / promotion review
101254,0.0991,Low,Career path / promotion review
101255,0.0703,Low,Career path / promotion review
101256,0.3113,Low,Manager check-in + workload review
101257,0.5561,Medium,Manager check-in + workload review
101258,0.1367,Low,Career path / promotion review
101259,0.0557,Low,Career path / promotion review
101260,0.2231,Low,Career path / promotion review
101261,0.1543,Low,Flexible or hybrid work option
101262,0.1097,Low,Career path / promotion review
101263,0.2103,Low,Career path / promotion review
101264,0.1594,Low,Career path / promotion review
101265,0.1985,Low,Retention conversation / stay interview
101266,0.2489,Low,Manager check-in + workload review
101267,0.1993,Low,Career path / promotion review
101268,0.0516,Low,Retention conversation / stay interview
101269,0.2779,Low,Manager check-in + workload review
101270,0.184,Low,Career path / promotion review
101271,0.2331,Low,Compensation benchmarking review
101272,0.071,Low,Flexible or hybrid work option
101273,0.1901,Low,Career path / promotion review
101274,0.4252,Medium,Career path / promotion review
101275,0.2912,Low,Flexible or hybrid work option
101276,0.4807,Medium,Manager check-in + workload review
101277,0.0744,Low,Career path / promotion review
101278,0.104,Low,Flexible or hybrid work option
101279,0.674,High,Manager check-in + workload review
101280,0.0545,Low,Flexible or hybrid work option
101281,0.1601,Low,Career path / promotion review
101282,0.2344,Low,Career path / promotion review
101283,0.0878,Low,Flexible or hybrid work option
101284,0.2318,Low,Career path / promotion review
101285,0.1729,Low,Retention conversation / stay interview
101286,0.4144,Medium,Manager check-in + workload review
101287,0.2624,Low,Flexible or hybrid work option
101288,0.0947,Low,Flexible or hybrid work option
101289,0.1804,Low,Career path / promotion review
101290,0.3779,Low,Manager check-in + workload review
101291,0.2027,Low,Career path / promotion review
101292,0.2429,Low,Flexible or hybrid work option
101293,0.153,Low,Flexible or hybrid work option
101294,0.5084,Medium,Manager check-in + workload review
101295,0.21,Low,Career path / promotion review
101296,0.0591,Low,Retention conversation / stay interview
101297,0.1681,Low,Career path / promotion review
101298,0.1883,Low,Compensation benchmarking review
101299,0.18,Low,Career path / promotion review
101300,0.0528,Low,Career path / promotion review
101301,0.0555,Low,Career path / promotion review
101302,0.1592,Low,Retention conversation / stay interview
101303,0.1023,Low,Career path / promotion review
101304,0.0797,Low,Flexible or hybrid work option
101305,0.1891,Low,Flexible or hybrid work option
101306,0.1165,Low,Retention conversation / stay interview
101307,0.4854,Medium,Manager check-in + workload review
101308,0.1863,Low,Retention conversation / stay interview
101309,0.1993,Low,Career path / promotion review
101310,0.1923,Low,Flexible or hybrid work option
101311,0.3443,Low,Manager check-in + workload review
101312,0.1527,Low,Retention conversation / stay interview
101313,0.2846,Low,Manager check-in + workload review
101314,0.0777,Low,Career path / promotion review
101315,0.1276,Low,Career path / promotion review
101316,0.2907,Low,Flexible or hybrid work option
101317,0.5398,Medium,Manager check-in + workload review
101318,0.2188,Low,Career path / promotion review
101319,0.3145,Low,Career path / promotion review
101320,0.1297,Low,Career path / promotion review
101321,0.2109,Low,Compensation benchmarking review
101322,0.0888,Low,Retention conversation / stay interview
101323,0.1714,Low,Career path / promotion review
101324,0.3158,Low,Flexible or hybrid work option
101325,0.2319,Low,Compensation benchmarking review
101326,0.0788,Low,Retention conversation / stay interview
101327,0.363,Low,Career path / promotion review
101328,0.3675,Low,Career path / promotion review
101329,0.237,Low,Career path / promotion review
101330,0.2067,Low,Compensation benchmarking review
101331,0.3404,Low,Career path / promotion review
101332,0.1203,Low,Career path / promotion review
101333,0.5087,Medium,Manager check-in + workload review
101334,0.1928,Low,Retention conversation / stay interview
101335,0.2054,Low,Career path / promotion review
101336,0.0778,Low,Retention conversation / stay interview
101337,0.2152,Low,Career path / promotion review
101338,0.3221,Low,Flexible or hybrid work option
101339,0.1568,Low,Career path / promotion review
101340,0.2864,Low,Career path / promotion review
101341,0.0921,Low,Retention conversation / stay interview
101342,0.3429,Low,Career path / promotion review
101343,0.3178,Low,Flexible or hybrid work option
101344,0.525,Medium,Manager check-in + workload review
101345,0.0777,Low,Career path / promotion review
101346,0.0978,Low,Career path / promotion review
101347,0.2119,Low,Retention conversation / stay interview
101348,0.1886,Low,Flexible or hybrid work option
101349,0.5121,Medium,Manager check-in + workload review
101350,0.0621,Low,Career path / promotion review
101351,0.258,Low,Career path / promotion review
101352,0.0802,Low,Retention conversation / stay interview
101353,0.5309,Medium,Manager check-in + workload review
101354,0.0518,Low,Retention conversation / stay interview
101355,0.144,Low,Career path / promotion review
101356,0.1936,Low,Career path / promotion review
101357,0.2063,Low,Retention conversation / stay interview
101358,0.0926,Low,Flexible or hybrid work option
101359,0.1219,Low,Retention conversation / stay interview
101360,0.2069,Low,Flexible or hybrid work option
101361,0.0508,Low,Retention conversation / stay interview
101362,0.1557,Low,Retention conversation / stay interview
101363,0.2039,Low,Career path / promotion review
101364,0.1367,Low,Flexible or hybrid work option
101365,0.1596,Low,Career path / promotion review
101366,0.1832,Low,Flexible or hybrid work option
101367,0.2462,Low,Career path / promotion review
101368,0.1341,Low,Retention conversation / stay interview
101369,0.2885,Low,Career path / promotion review
101370,0.1532,Low,Career path / promotion review
101371,0.1767,Low,Career path / promotion review
101372,0.1657,Low,Flexible or hybrid work option
101373,0.0971,Low,Flexible or hybrid work option
101374,0.2486,Low,Flexible or hybrid work option
101375,0.1642,Low,Flexible or hybrid work option
101376,0.1037,Low,Retention conversation / stay interview
101377,0.135,Low,Career path / promotion review
101378,0.2255,Low,Compensation benchmarking review
101379,0.2397,Low,Flexible or hybrid work option
101380,0.1552,Low,Manager check-in + workload review
101381,0.3658,Low,Manager check-in + workload review
101382,0.1627,Low,Career path / promotion review
101383,0.0922,Low,Career path / promotion review
101384,0.095,Low,Retention conversation / stay interview
101385,0.2992,Low,Career path / promotion review
101386,0.152,Low,Flexible or hybrid work option
101387,0.2745,Low,Flexible or hybrid work option
101388,0.2721,Low,Flexible or hybrid work option
101389,0.1569,Low,Retention conversation / stay interview
101390,0.0315,Low,Career path / promotion review
101391,0.1469,Low,Flexible or hybrid work option
101392,0.1094,Low,Retention conversation / stay interview
101393,0.1225,Low,Retention conversation / stay interview
101394,0.1695,Low,Career path / promotion review
101395,0.2536,Low,Flexible or hybrid work option
101396,0.0844,Low,Career path / promotion review
101397,0.1363,Low,Flexible or hybrid work option
101398,0.1227,Low,Career path / promotion review
101399,0.0632,Low,Career path / promotion review
101400,0.0828,Low,Flexible or hybrid work option
101401,0.5075,Medium,Manager check-in + workload review
101402,0.3392,Low,Manager check-in + workload review
101403,0.2201,Low,Flexible or hybrid work option
101404,0.1919,Low,Career path / promotion review
101405,0.2891,Low,Flexible or hybrid work option
101406,0.4786,Medium,Manager check-in + workload review
101407,0.2144,Low,Flexible or hybrid work option
101408,0.1109,Low,Flexible or hybrid work option
101409,0.1225,Low,Career path / promotion review
101410,0.1409,Low,Career path / promotion review
101411,0.4581,Medium,Manager check-in + workload review
101412,0.201,Low,Career path / promotion review
101413,0.1078,Low,Career path / promotion review
101414,0.1362,Low,Career path / promotion review
101415,0.1818,Low,Retention conversation / stay interview
101416,0.1123,Low,Retention conversation / stay interview
101417,0.2318,Low,Flexible or hybrid work option
101418,0.2489,Low,Flexible or hybrid work option
101419,0.4025,Medium,Career path / promotion review
101420,0.2297,Low,Career path / promotion review
101421,0.1621,Low,Retention conversation / stay interview
101422,0.1917,Low,Retention conversation / stay interview
101423,0.1383,Low,Flexible or hybrid work option
101424,0.2776,Low,Flexible or hybrid work option
101425,0.2914,Low,Flexible or hybrid work option
101426,0.2084,Low,Career path / promotion review
101427,0.089,Low,Retention conversation / stay interview
101428,0.1318,Low,Career path / promotion review
101429,0.1374,Low,Flexible or hybrid work option
101430,0.1976,Low,Career path / promotion review
101431,0.1015,Low,Career path / promotion review
101432,0.3422,Low,Manager check-in + workload review
101433,0.3536,Low,Manager check-in + workload review
101434,0.0637,Low,Career path / promotion review
101435,0.0757,Low,Compensation benchmarking review
101436,0.15,Low,Career path / promotion review
101437,0.4123,Medium,Career path / promotion review
101438,0.1089,Low,Retention conversation / stay interview
101439,0.154,Low,Career path / promotion review
101440,0.0935,Low,Career path / promotion review
101441,0.1495,Low,Retention conversation / stay interview
101442,0.1505,Low,Career path / promotion review
101443,0.3705,Low,Career path / promotion review
101444,0.1293,Low,Career path / promotion review
101445,0.1156,Low,Career path / promotion review
101446,0.147,Low,Career path / promotion review
101447,0.3649,Low,Flexible or hybrid work option
101448,0.2171,Low,Career path / promotion review
101449,0.1478,Low,Flexible or hybrid work option
101450,0.2237,Low,Flexible or hybrid work option
101451,0.0832,Low,Retention conversation / stay interview
101452,0.2906,Low,Manager check-in + workload review
101453,0.4134,Medium,Manager check-in + workload review
101454,0.3654,Low,Career path / promotion review
101455,0.3335,Low,Compensation benchmarking review
101456,0.3469,Low,Career path / promotion review
101457,0.1961,Low,Flexible or hybrid work option
101458,0.2909,Low,Career path / promotion review
101459,0.0923,Low,Career path / promotion review
101460,0.3641,Low,Career path / promotion review
101461,0.3474,Low,Flexible or hybrid work option
101462,0.1914,Low,Flexible or hybrid work option
101463,0.206,Low,Flexible or hybrid work option
101464,0.1929,Low,Retention conversation / stay interview
101465,0.3362,Low,Manager check-in + workload review
101466,0.1618,Low,Career path / promotion review
101467,0.0526,Low,Flexible or hybrid work option
101468,0.3357,Low,Flexible or hybrid work option
101469,0.2249,Low,Career path / promotion review
101470,0.2139,Low,Retention conversation / stay interview
101471,0.3262,Low,Career path / promotion review
101472,0.1921,Low,Retention conversation / stay interview
101473,0.2023,Low,Career path / promotion review
101474,0.0721,Low,Flexible or hybrid work option
101475,0.2187,Low,Flexible or hybrid work option
101476,0.0733,Low,Compensation benchmarking review
101477,0.2609,Low,Flexible or hybrid work option
101478,0.4792,Medium,Manager check-in + workload review
101479,0.1913,Low,Flexible or hybrid work option
101480,0.0396,Low,Retention conversation / stay interview
101481,0.0694,Low,Career path / promotion review
101482,0.3981,Low,Flexible or hybrid work option
101483,0.268,Low,Career path / promotion review
101484,0.1149,Low,Career path / promotion review
101485,0.1091,Low,Flexible or hybrid work option
101486,0.2195,Low,Compensation benchmarking review
101487,0.1595,Low,Career path / promotion review
101488,0.238,Low,Flexible or hybrid work option
101489,0.2599,Low,Manager check-in + workload review
101490,0.1505,Low,Career path / promotion review
101491,0.127,Low,Flexible or hybrid work option
101492,0.0641,Low,Career path / promotion review
101493,0.2778,Low,Manager check-in + workload review
101494,0.3107,Low,Career path / promotion review
101495,0.3332,Low,Flexible or hybrid work option
101496,0.0554,Low,Career path / promotion review
101497,0.2731,Low,Manager check-in + workload review
101498,0.0886,Low,Flexible or hybrid work option
101499,0.3654,Low,Career path / promotion review
101500,0.1258,Low,Flexible or hybrid work option
